<?xml version="1.0" encoding="UTF-8"?>
<root>
  <item name="eu.davidea.fastscroller.FastScroller DEFAULT_BUBBLE_POSITION">
    <annotation name="androidx.annotation.IntDef">
      <val name="value" val="{eu.davidea.fastscroller.FastScroller.FastScrollerBubblePosition.ADJACENT, eu.davidea.fastscroller.FastScroller.FastScrollerBubblePosition.CENTER}" />
    </annotation>
  </item>
  <item name="eu.davidea.fastscroller.FastScroller bubblePosition">
    <annotation name="androidx.annotation.IntDef">
      <val name="value" val="{eu.davidea.fastscroller.FastScroller.FastScrollerBubblePosition.ADJACENT, eu.davidea.fastscroller.FastScroller.FastScrollerBubblePosition.CENTER}" />
    </annotation>
  </item>
  <item name="eu.davidea.fastscroller.FastScroller.FastScrollerBubblePosition">
    <annotation name="androidx.annotation.IntDef">
      <val name="value" val="{eu.davidea.fastscroller.FastScroller.FastScrollerBubblePosition.ADJACENT, eu.davidea.fastscroller.FastScroller.FastScrollerBubblePosition.CENTER}" />
    </annotation>
  </item>
</root>

