<?xml version="1.0" encoding="UTF-8"?>
<root>
  <item name="eu.davidea.flexibleadapter.utils.LayoutUtils java.lang.String getModeName(int) 0">
    <annotation name="androidx.annotation.IntDef">
      <val name="value" val="{eu.davidea.flexibleadapter.SelectableAdapter.Mode.IDLE, eu.davidea.flexibleadapter.SelectableAdapter.Mode.SINGLE, eu.davidea.flexibleadapter.SelectableAdapter.Mode.MULTI}" />
    </annotation>
  </item>
  <item name="eu.davidea.flexibleadapter.utils.Log void setLevel(int) 0">
    <annotation name="androidx.annotation.IntDef">
      <val name="value" val="{eu.davidea.flexibleadapter.utils.Log.Level.VERBOSE, eu.davidea.flexibleadapter.utils.Log.Level.DEBUG, eu.davidea.flexibleadapter.utils.Log.Level.INFO, eu.davidea.flexibleadapter.utils.Log.Level.WARN, eu.davidea.flexibleadapter.utils.Log.Level.ERROR, eu.davidea.flexibleadapter.utils.Log.Level.SUPPRESS}" />
    </annotation>
  </item>
  <item name="eu.davidea.flexibleadapter.utils.Log.Level">
    <annotation name="androidx.annotation.IntDef">
      <val name="value" val="{eu.davidea.flexibleadapter.utils.Log.Level.VERBOSE, eu.davidea.flexibleadapter.utils.Log.Level.DEBUG, eu.davidea.flexibleadapter.utils.Log.Level.INFO, eu.davidea.flexibleadapter.utils.Log.Level.WARN, eu.davidea.flexibleadapter.utils.Log.Level.ERROR, eu.davidea.flexibleadapter.utils.Log.Level.SUPPRESS}" />
    </annotation>
  </item>
</root>

